date,home_team,away_team,home_goals,away_goals,home_avg_scored,home_avg_conceded,away_avg_scored,away_avg_conceded,home_advantage,season,lambda_home,lambda_away,p_home,p_draw,p_away
2023-08-19,Empoli,Hellas Verona,0.0,1.0,1.4,1.6,0.4,1.4,1,2024,1.4601821436841391,1.262211487794365,0.4176340625603973,0.2554936728117786,0.3268722646278241
2023-08-19,Frosinone,Napoli,1.0,3.0,1.0,1.6,0.4,1.6,1,2024,1.4267638897100527,1.267274367174697,0.40797169198047645,0.25755535769124377,0.3344729503282798
2023-08-19,Genoa,Fiorentina,1.0,4.0,0.6,1.0,0.4,1.2,1,2024,1.4311851784322231,1.3075027734873386,0.4005569829283478,0.25549674909923886,0.3439462679724133
2023-08-20,Lecce,Lazio,2.0,1.0,0.4,1.4,0.6,1.4,1,2024,1.392641880941832,1.293514698084221,0.3935947216975697,0.2585806685128718,0.34782460978955854
2023-08-20,Roma,Salernitana,2.0,2.0,0.4,1.8,0.6,1.4,1,2024,1.3723526852570305,1.2607414971636548,0.3952445851762196,0.26149213914739616,0.3432632756763843
2023-08-20,Sassuolo,Atalanta,0.0,2.0,0.2,2.0,0.6,1.0,1,2024,1.351397600948264,1.2355268954918537,0.3951102276950957,0.2641609970236227,0.3407287752812816
2023-08-20,Udinese,Juventus,0.0,3.0,0.4,2.2,0.6,1.4,1,2024,1.3523590798938832,1.228798656114662,0.3968051938699402,0.26443194651198443,0.3387628596180754
2023-08-21,Torino,Cagliari,0.0,0.0,0.4,2.2,1.2,1.6,1,2024,1.3490646518333151,1.2749145083543303,0.38615322824882664,0.2622905160560443,0.35155625569512905
2023-08-21,Bologna,Milan,0.0,2.0,0.6,1.8,1.0,1.8,1,2024,1.3824956071020902,1.2984004886165221,0.3899441408362105,0.2589789685127755,0.3510768906510141
2023-08-26,Monza,Empoli,2.0,0.0,0.6,1.6,1.4,2.2,1,2024,1.387802049364735,1.3546251197458399,0.37968375635769286,0.25581766920576177,0.36449857443654543
2023-08-26,Hellas Verona,Roma,2.0,1.0,0.4,2.2,1.6,2.4,1,2024,1.340553924864757,1.32304682180598,0.3739523664189371,0.26021205333651454,0.3658355802445484
2023-08-26,Milan,Torino,4.0,1.0,0.2,1.6,1.4,1.8,1,2024,1.3617916676966617,1.344847725441917,0.37499932451517165,0.25780191401507424,0.36719876146975405
2023-08-26,Frosinone,Atalanta,2.0,1.0,0.2,1.6,0.8,2.6,1,2024,1.3555217085958908,1.320728857859352,0.3783173523026058,0.2594621206351895,0.36222052706220476
2023-08-27,Lazio,Genoa,0.0,1.0,0.2,1.6,0.8,2.4,1,2024,1.3574353909405417,1.3157866909341343,0.37983244141328176,0.2596129422098261,0.3605546163768921
2023-08-27,Fiorentina,Lecce,2.0,2.0,0.4,1.6,0.4,2.2,1,2024,1.3751519435059907,1.2820964591379431,0.39145964569811814,0.2602539078357964,0.34828644646608536
2023-08-27,Napoli,Sassuolo,2.0,0.0,0.4,0.4,0.4,2.2,1,2024,1.4370498457730505,1.3847030891521683,0.3860370588436878,0.2515834289318387,0.3623795122244735
2023-08-27,Juventus,Bologna,1.0,1.0,0.4,0.4,0.4,3.0,1,2024,1.4289632821065783,1.4056246776194008,0.37976131647168637,0.2510047298681056,0.36923395366020806
2023-08-28,Cagliari,Internazionale,0.0,2.0,0.4,0.4,0.8,2.4,1,2024,1.4340405436963914,1.420909040702803,0.3779589410646047,0.2499866583749466,0.3720544005604487
2023-09-02,Udinese,Frosinone,0.0,0.0,0.4,1.6,3.2,1.8,1,2024,1.3724359537613722,1.485027218040919,0.34999755700767593,0.2494237781209037,0.4005786648714203
2023-09-02,Napoli,Lazio,1.0,2.0,0.8,1.6,3.4,1.6,1,2024,1.4041003739421598,1.4955006658490202,0.35585440422521913,0.24748923379478477,0.39665636197999626
2023-09-03,Torino,Genoa,1.0,0.0,0.6,1.4,2.6,1.4,1,2024,1.403046323042858,1.4441868557926911,0.36557878489732065,0.25032260747075724,0.3840986076319221
2023-09-03,Empoli,Juventus,0.0,2.0,0.6,1.2,2.2,1.2,1,2024,1.416345704989585,1.4255630548298817,0.3725991502878065,0.2506486998804858,0.37675214983170763
2023-09-03,Lecce,Salernitana,2.0,0.0,0.6,2.0,1.4,1.2,1,2024,1.3772642131725357,1.295784899433083,0.38913554665756783,0.25943635148310923,0.351428101859323
2023-09-16,Genoa,Napoli,2.0,2.0,0.8,1.8,0.8,0.6,1,2024,1.4099700148899128,1.2554334933023985,0.4061720274761583,0.25921138202559824,0.3346165904982434
2023-09-16,Juventus,Lazio,3.0,1.0,0.4,1.8,0.6,0.6,1,2024,1.3801188871609906,1.2419763778631792,0.40128291039240577,0.2618718756843536,0.3368452139232407
2023-09-17,Cagliari,Udinese,0.0,0.0,0.8,1.6,0.8,0.8,1,2024,1.418352059713469,1.2764227876730199,0.40384975183078525,0.25771338910875863,0.33843685906045606
2023-09-17,Frosinone,Sassuolo,4.0,2.0,0.8,1.6,0.6,1.2,1,2024,1.4148406140945844,1.2719211405934556,0.4039037566009386,0.25814715213298767,0.33794909126607375
2023-09-17,Fiorentina,Atalanta,3.0,2.0,1.4,1.0,1.2,1.0,1,2024,1.4948498220366166,1.3606819679042303,0.40547240241947674,0.24933466944944574,0.3451929281310775
2023-09-17,Monza,Lecce,1.0,1.0,1.6,1.4,1.4,2.0,1,2024,1.4781981559602844,1.366116530975106,0.40018345132289507,0.25008861826756745,0.34972793040953754
2023-09-17,Roma,Empoli,7.0,0.0,1.6,1.4,1.6,2.2,1,2024,1.475608368742554,1.3864577632697923,0.3953355705964663,0.24935835527457992,0.3553060741289537
2023-09-18,Hellas Verona,Bologna,0.0,0.0,1.2,1.4,1.6,2.6,1,2024,1.43980439467621,1.3972475088284884,0.38417657577426906,0.25083463872015394,0.364988785505577
2023-09-18,Salernitana,Torino,0.0,3.0,1.4,1.2,1.6,2.4,1,2024,1.4683316488121019,1.4098167106261286,0.38874921361436654,0.24871477605084064,0.36253601033479277
2023-09-22,Lecce,Genoa,1.0,0.0,0.8,1.4,1.2,2.4,1,2024,1.4117950792291443,1.3619904788574697,0.3842942159666684,0.25409187364012215,0.3616139103932094
2023-09-22,Salernitana,Frosinone,1.0,1.0,0.6,1.0,1.2,1.6,1,2024,1.4251974124942868,1.376771450513569,0.3846674960819846,0.2526192506129987,0.3627132533050167
2023-09-23,Sassuolo,Juventus,4.0,2.0,0.8,1.2,1.0,1.8,1,2024,1.428714490166232,1.349184919984224,0.3912258961204409,0.2537354384664557,0.35503866541310336
2023-09-23,Milan,Hellas Verona,1.0,0.0,1.0,1.0,1.2,1.4,1,2024,1.458578975791087,1.371271120065179,0.39420183511291446,0.2509963005312989,0.3548018643557866
2023-09-23,Lazio,Monza,1.0,1.0,0.8,1.2,1.2,1.4,1,2024,1.4322603688943045,1.3539600229060964,0.3911379842587158,0.2533051595645029,0.3555568561767813
2023-09-24,Bologna,Napoli,0.0,0.0,0.8,1.0,1.6,1.6,1,2024,1.439787604250296,1.4073046349861091,0.38213556793259734,0.250352094786754,0.36751233728064864
2023-09-24,Udinese,Fiorentina,0.0,2.0,1.0,1.2,1.4,1.8,1,2024,1.443340687346616,1.379106307469475,0.38876328946053734,0.25149865638742247,0.35973805415204013
2023-09-24,Empoli,Internazionale,0.0,1.0,1.0,1.0,1.8,1.8,1,2024,1.4529745265481855,1.4280777187418072,0.38124077453013666,0.24866783811078755,0.3700913873590758
2023-09-24,Torino,Roma,1.0,1.0,1.0,1.0,1.8,2.2,1,2024,1.4488806716933187,1.4388257423475435,0.3780707624530396,0.2483567884402488,0.3735724491067116
2023-09-24,Atalanta,Cagliari,2.0,0.0,1.0,0.8,2.0,2.4,1,2024,1.4569945589440725,1.4791075590569613,0.3720950840393562,0.24599017982716193,0.38191473613348187
2023-09-26,Juventus,Lecce,1.0,0.0,1.2,0.8,1.6,1.8,1,2024,1.480181017858581,1.4304695318976701,0.3875038269232472,0.24715166607921216,0.3653445069975406
2023-09-27,Cagliari,Milan,1.0,3.0,1.2,0.8,2.2,1.6,1,2024,1.4807473144483927,1.4730673092804583,0.37912062791676693,0.2451600962011806,0.37571927588205256
2023-09-27,Lazio,Torino,2.0,0.0,1.0,0.6,2.0,1.4,1,2024,1.4781150573280404,1.4703865670348188,0.3790065464383171,0.24541248446138572,0.37558096910029726
2023-09-27,Hellas Verona,Atalanta,0.0,1.0,1.0,1.2,1.8,0.8,1,2024,1.452561725176094,1.383688377569164,0.3901406777061109,0.2507720570380442,0.35908726525584495
2023-09-27,Empoli,Salernitana,1.0,0.0,1.2,1.4,1.6,0.6,1,2024,1.460260716219769,1.3458342106925119,0.399899213216798,0.25202118942321905,0.34807959735998295
2023-09-27,Napoli,Udinese,4.0,1.0,1.2,1.2,1.8,0.8,1,2024,1.468438332941141,1.3835126073188666,0.3941511411709326,0.2498913124137809,0.3559575464152866
2023-09-28,Frosinone,Fiorentina,1.0,1.0,1.2,1.6,1.4,1.2,1,2024,1.4439572249744594,1.3289624759521421,0.399301533771183,0.25374809209292015,0.3469503741358969
2023-09-28,Genoa,Roma,4.0,1.0,1.2,1.6,1.6,1.2,1,2024,1.4434623887989033,1.3437034671057837,0.39610023734221256,0.2531179595957485,0.350781803062039
2023-09-28,Monza,Bologna,0.0,0.0,1.2,1.0,1.8,1.2,1,2024,1.4750854838340892,1.4119266550244012,0.38999859271095255,0.24825706337120326,0.3617443439178442
2023-09-30,Salernitana,Internazionale,0.0,4.0,1.4,1.0,2.2,1.4,1,2024,1.4880855636128287,1.4486603764710577,0.38579078181491033,0.2459234090612342,0.3682858091238555
2023-09-30,Milan,Lazio,2.0,0.0,1.2,1.2,1.8,1.2,1,2024,1.4643009077567746,1.393925224200389,0.39098348444425235,0.24965505221426526,0.35936146334148233
2023-09-30,Lecce,Napoli,0.0,4.0,0.8,0.8,1.8,1.0,1,2024,1.4560440169715352,1.425170956217916,0.38258845183426443,0.24864826123724987,0.36876328692848565
2023-10-01,Atalanta,Juventus,0.0,0.0,1.4,0.8,1.2,1.0,1,2024,1.5058593908653426,1.3782540886273917,0.4045528952517853,0.24797619498916215,0.34747090975905254
2023-10-01,Bologna,Empoli,3.0,0.0,1.8,1.2,1.0,1.4,1,2024,1.5127822294612836,1.338256194059877,0.4146513983727878,0.2491244258843202,0.336224175742892
2023-10-01,Udinese,Genoa,2.0,2.0,1.8,1.2,0.6,1.0,1,2024,1.5180969486579927,1.2992761537731417,0.4242868862997833,0.25020704539861877,0.325506068301598
2023-10-01,Roma,Frosinone,2.0,0.0,1.6,1.2,0.8,1.4,1,2024,1.4969391727377697,1.3237431171686391,0.4137643941735834,0.2506720389591218,0.33556356686729477
2023-10-02,Torino,Hellas Verona,0.0,0.0,2.0,1.0,1.0,1.4,1,2024,1.5405804717936926,1.3553665094363905,0.41793164730367616,0.2467788613111888,0.335289491385135
2023-10-02,Fiorentina,Cagliari,3.0,0.0,1.8,1.4,1.6,1.4,1,2024,1.5001786801385726,1.3656479582363272,0.4057640014858318,0.24881781598810018,0.34541818252606804
2023-10-02,Sassuolo,Monza,0.0,1.0,1.4,0.8,1.8,1.2,1,2024,1.5021910268144831,1.4299788863260054,0.39303048289414716,0.24601923430030892,0.360950282805544
2023-10-06,Empoli,Udinese,0.0,0.0,1.0,1.0,1.8,1.6,1,2024,1.4550257896751795,1.4227338524166289,0.3828258822278092,0.24881644915186807,0.3683576686203227
2023-10-06,Lecce,Sassuolo,1.0,1.0,1.2,1.0,2.0,1.8,1,2024,1.468352277535771,1.4437346853163298,0.38191324349349415,0.2471454169135031,0.37094133959300274
2023-10-07,Genoa,Milan,0.0,1.0,0.8,1.4,2.0,1.8,1,2024,1.415840439859668,1.407512998733014,0.3760834598405779,0.2515960380536983,0.3723205021057238
2023-10-07,Juventus,Torino,2.0,0.0,0.4,1.6,2.0,1.8,1,2024,1.375261298981916,1.3899209415646978,0.36934189697544195,0.25463062512317436,0.3760274779013837
2023-10-08,Monza,Salernitana,3.0,0.0,0.4,2.6,2.0,2.0,1,2024,1.323848364215321,1.3084435061924422,0.3725837609387805,0.2620117323512773,0.36540450670994223
2023-10-08,Cagliari,Roma,1.0,4.0,0.8,2.6,2.2,2.0,1,2024,1.35248239493655,1.3226208090964016,0.37713965021730844,0.25953887331652575,0.3633214764661658
2023-10-08,Frosinone,Hellas Verona,2.0,1.0,0.6,3.0,2.2,1.6,1,2024,1.3220935006943961,1.2796430643731764,0.37807155833320716,0.2637403615957852,0.3581880800710076
2023-10-08,Napoli,Fiorentina,1.0,3.0,0.6,2.8,2.2,1.6,1,2024,1.3318307192292156,1.2961686323898933,0.3772050967441118,0.26222085523782346,0.3605740480180647
2023-10-08,Lazio,Atalanta,3.0,2.0,0.8,2.2,1.6,2.0,1,2024,1.3738898128074992,1.3128300645891453,0.3847091834661122,0.2587794032864588,0.3565114132474289
2023-10-21,Sassuolo,Lazio,0.0,2.0,0.8,1.4,1.4,1.8,1,2024,1.417297040208617,1.3616962979301703,0.38575169209952587,0.253794789688931,0.3604535182115432
2023-10-21,Hellas Verona,Napoli,1.0,3.0,0.8,1.4,2.0,1.6,1,2024,1.4178392782666225,1.4022460855829322,0.37764599476302907,0.25175774375135257,0.3705962614856184
2023-10-21,Torino,Internazionale,0.0,3.0,1.2,0.8,2.0,2.2,1,2024,1.4749990388834096,1.473385550805883,0.3776476035062312,0.24541996999644677,0.376932426497322
2023-10-22,Roma,Monza,1.0,0.0,1.2,0.6,1.8,2.0,1,2024,1.488470190406914,1.4705174055187626,0.3815192049800035,0.2449063001577873,0.3735744948622091
2023-10-22,Salernitana,Cagliari,2.0,2.0,1.0,0.6,1.8,2.2,1,2024,1.4703012757317087,1.476228275102851,0.375932463108551,0.2455072023747695,0.3785603345166794
2023-10-22,Atalanta,Genoa,2.0,0.0,1.0,0.8,2.0,2.4,1,2024,1.4569945589440725,1.4791075590569613,0.3720950840393562,0.24599017982716193,0.38191473613348187
2023-10-22,Bologna,Frosinone,2.0,1.0,1.0,0.6,1.4,2.4,1,2024,1.469235302683263,1.4494400556532168,0.38099039089263215,0.2468330292977529,0.372176579809615
2023-10-22,Milan,Juventus,0.0,1.0,0.6,0.6,1.8,1.8,1,2024,1.4427446819319356,1.4655731752395114,0.37124391123812484,0.24733175784543407,0.38142433091644107
2023-10-23,Udinese,Lecce,1.0,1.0,0.8,0.6,2.0,2.0,1,2024,1.4559586879146,1.4872063551228811,0.37025154178314157,0.2456359938394679,0.38411246437739044
2023-10-23,Fiorentina,Empoli,0.0,2.0,1.0,1.2,2.8,1.4,1,2024,1.4439502991618345,1.4786875733838403,0.36896470057097197,0.24661371620017372,0.38442158322885434
2023-10-27,Genoa,Salernitana,1.0,0.0,1.2,0.8,2.6,1.4,1,2024,1.481821639797013,1.5002922022252745,0.3740175249275145,0.24381950020852056,0.3821629748639649
2023-10-28,Juventus,Hellas Verona,1.0,0.0,1.0,1.0,2.6,1.4,1,2024,1.4550836421456956,1.4813523268791784,0.3711841146675223,0.24596740074927784,0.38284848458319987
2023-10-28,Lecce,Torino,0.0,1.0,1.2,1.2,1.8,1.4,1,2024,1.4622365687737686,1.399160883739078,0.3893994772596531,0.24953010139186568,0.36107042134848116
2023-10-28,Sassuolo,Bologna,1.0,1.0,1.4,1.2,1.6,1.4,1,2024,1.4787256744307897,1.3836357155518422,0.3966935004069978,0.24930549193532878,0.3540010076576734
2023-10-29,Cagliari,Frosinone,4.0,3.0,1.4,0.8,1.0,2.4,1,2024,1.4915727566423707,1.3993804955591425,0.3966510477948509,0.24790788886438656,0.3554410633407626
2023-10-29,Monza,Udinese,1.0,1.0,1.2,1.0,1.0,2.2,1,2024,1.4667265684118296,1.3765441668134324,0.3951571027160467,0.2502968555745731,0.3545460417093802
2023-10-29,Napoli,Milan,2.0,2.0,1.4,0.8,1.2,2.2,1,2024,1.4931666361342257,1.4096080058450433,0.3949520051357738,0.24738123710807877,0.3576667577561474
2023-10-30,Lazio,Fiorentina,1.0,0.0,1.2,0.8,1.2,2.6,1,2024,1.4728610563034983,1.4203974557861019,0.3877280667643746,0.24799218221227134,0.3642797510233541
2023-10-30,Empoli,Atalanta,0.0,3.0,1.0,0.8,1.0,2.8,1,2024,1.4553814246954004,1.4102708089079432,0.3854318541667061,0.2493849436733008,0.36518320215999306
2023-11-03,Bologna,Lazio,1.0,0.0,0.8,0.6,1.0,1.6,1,2024,1.462576910051977,1.3968870156425575,0.3899481980037747,0.24961523353580045,0.36043656846042477
2023-11-04,Salernitana,Napoli,0.0,2.0,0.6,0.8,1.2,1.8,1,2024,1.433669981745964,1.3997893653693232,0.38212195963181206,0.2510409641283306,0.36683707623985734
2023-11-04,Atalanta,Internazionale,1.0,2.0,0.2,0.8,0.6,1.6,1,2024,1.4062619206471805,1.349499407266799,0.38544955467445857,0.25502346608536175,0.35952697924017984
2023-11-04,Milan,Udinese,0.0,1.0,0.4,1.0,0.6,1.0,1,2024,1.4172241627934432,1.3172261139190582,0.3949453230503583,0.2559207476136859,0.3491339293359559
2023-11-05,Fiorentina,Juventus,0.0,1.0,0.6,1.4,0.8,1.0,1,2024,1.4113576898522366,1.2979278731444768,0.3974922360419751,0.25718603720908007,0.34532172674894485
2023-11-05,Roma,Lecce,2.0,1.0,1.0,2.0,0.8,1.0,1,2024,1.4109731663549734,1.2485968496842765,0.4079020778583352,0.2594457179401823,0.33265220420148256
2023-11-10,Genoa,Hellas Verona,1.0,0.0,1.0,0.4,0.8,2.0,1,2024,1.4857651300010786,1.4097574728379805,0.3930890477246462,0.24777718817147698,0.3591337641038768
2023-11-11,Lecce,Milan,2.0,2.0,1.0,0.6,0.8,1.8,1,2024,1.4769846936970898,1.386575644000121,0.39565447289980743,0.24927582850254199,0.35506969859765053
2023-11-11,Juventus,Cagliari,2.0,1.0,1.2,1.0,0.6,2.0,1,2024,1.4698044613818817,1.3414686693795468,0.4032146954768634,0.25163387740474774,0.345151427118389
2023-11-11,Monza,Torino,1.0,1.0,1.2,1.2,0.4,2.2,1,2024,1.4575010248837028,1.314756518623998,0.40572410180997615,0.25352380608254493,0.340752092107479
2023-11-12,Lazio,Roma,0.0,0.0,1.6,1.2,0.6,1.8,1,2024,1.4932331672620147,1.3190745822638688,0.4138250660617879,0.25108771310708355,0.3350872208311286
2023-11-12,Fiorentina,Bologna,2.0,1.0,1.6,1.2,0.6,2.0,1,2024,1.491128040220457,1.3240290986891197,0.4122460878463934,0.2510275280212048,0.33672638413240186
2023-11-12,Udinese,Atalanta,1.0,1.0,1.4,1.2,0.6,2.0,1,2024,1.475006113619272,1.324197311775756,0.4081553931546982,0.2520325312451475,0.3398120756001542
2023-11-12,Napoli,Empoli,0.0,1.0,1.2,1.2,1.6,1.8,1,2024,1.4586164773035095,1.3942263678663185,0.3895019836608281,0.24995371145037187,0.36054430488879996
2023-11-25,Milan,Fiorentina,1.0,0.0,1.4,1.0,1.6,1.4,1,2024,1.4896164889135914,1.4015042655907635,0.39573069664902927,0.24792495357321268,0.35634434977775803
2023-11-25,Salernitana,Lazio,2.0,1.0,1.2,1.4,1.8,1.4,1,2024,1.4515459330839757,1.3813222107664669,0.39037062312671245,0.25093753433914284,0.3586918425341447
2023-11-25,Atalanta,Napoli,1.0,2.0,1.2,1.2,1.8,1.4,1,2024,1.4622365687737686,1.399160883739078,0.3893994772596531,0.24953010139186568,0.36107042134848116
2023-11-26,Roma,Udinese,3.0,1.0,1.0,1.2,1.8,1.2,1,2024,1.4484690334172556,1.3941023173358307,0.38698805632783,0.250514164755121,0.3624977789170489
2023-11-26,Frosinone,Genoa,2.0,1.0,1.2,1.0,1.4,1.2,1,2024,1.476097011087903,1.3811177242204975,0.3965565730998993,0.2495637792382411,0.35387964766185953
2023-11-26,Juventus,Internazionale,1.0,1.0,1.0,1.0,2.0,1.8,1,2024,1.4524766001931233,1.4439181065628426,0.37794677596690057,0.24793018403018277,0.3741230400029167
2023-11-26,Cagliari,Monza,1.0,1.0,1.4,0.8,1.8,1.4,1,2024,1.5000732711809601,1.4353499653956245,0.3914211649151189,0.24589791106089984,0.3626809240239812
2023-11-26,Empoli,Sassuolo,3.0,4.0,1.4,1.4,2.0,1.2,1,2024,1.468979499118289,1.3912409881849837,0.3927004798858874,0.24951706524560655,0.3577824548685061
2023-11-27,Hellas Verona,Lecce,2.0,2.0,1.2,1.6,2.0,1.6,1,2024,1.4384089584008917,1.3840163868258162,0.38651906965920124,0.2515411782307778,0.36193975211002083
2023-11-27,Bologna,Torino,2.0,0.0,1.2,1.6,1.6,1.2,1,2024,1.4434623887989033,1.3437034671057837,0.39610023734221256,0.2531179595957485,0.350781803062039
2023-12-01,Monza,Juventus,1.0,2.0,1.6,1.8,0.8,1.2,1,2024,1.4664128964071246,1.268988121392861,0.41776043607613145,0.25480197222233275,0.3274375917015359
2023-12-02,Genoa,Empoli,1.0,1.0,1.2,1.8,1.0,1.4,1,2024,1.4323610126931212,1.2882103914676124,0.40494130054467137,0.2562746974215889,0.3387840020337398
2023-12-02,Lazio,Cagliari,1.0,0.0,1.6,1.2,0.8,1.6,1,2024,1.4948288210517866,1.3287151688668597,0.41218261305446496,0.25061143091437965,0.33720595603115533
2023-12-02,Milan,Frosinone,3.0,1.0,1.6,1.2,0.8,1.4,1,2024,1.4969391727377697,1.3237431171686391,0.4137643941735834,0.2506720389591218,0.33556356686729477
2023-12-03,Sassuolo,Roma,1.0,2.0,1.6,1.6,0.8,1.8,1,2024,1.4709742042980374,1.299914388617014,0.4122874041028608,0.2532739191708703,0.334438676726269
2023-12-03,Udinese,Hellas Verona,3.0,3.0,1.2,1.6,1.2,1.6,1,2024,1.4403823880806366,1.3242755335796805,0.3993754833268636,0.2541755914722651,0.3464489252008714
2023-12-03,Napoli,Internazionale,0.0,3.0,1.4,1.4,1.0,2.0,1,2024,1.4632187281021942,1.336476972478476,0.40260085307968835,0.25224609402808446,0.34515305289222725
2023-12-03,Fiorentina,Salernitana,3.0,0.0,0.8,1.6,1.0,2.0,1,2024,1.4059149320272184,1.3199404443378675,0.391481090079501,0.25648360778291224,0.3520353021375867
2023-12-03,Lecce,Bologna,1.0,1.0,1.0,1.8,0.8,2.2,1,2024,1.4093844247253797,1.2934926433240819,0.3979197591553418,0.25751761670401074,0.3445626241406475
2023-12-04,Torino,Atalanta,3.0,0.0,0.8,1.6,1.2,2.0,1,2024,1.4054331327355991,1.3345813621706888,0.3883163961780986,0.25580362409668,0.3558799797252214
2023-12-08,Juventus,Napoli,1.0,0.0,1.0,1.4,1.2,2.4,1,2024,1.4272261045198784,1.3618174648961963,0.3882439110484372,0.25322401532832534,0.3585320736232374
2023-12-09,Hellas Verona,Lazio,1.0,1.0,0.8,1.6,1.8,2.2,1,2024,1.402009413090001,1.3846671566118047,0.37719525263179826,0.25349144294433307,0.3693133044238687
2023-12-09,Atalanta,Milan,3.0,2.0,1.0,1.8,1.8,2.0,1,2024,1.408957455003534,1.3617249067621926,0.3836273342593524,0.25426522141590197,0.36210744432474556
2023-12-10,Roma,Fiorentina,1.0,1.0,1.2,1.6,2.0,1.8,1,2024,1.4363811213145372,1.3892148282282546,0.3849496017352407,0.251404679890255,0.3636457183745043
2023-12-10,Monza,Genoa,1.0,0.0,1.2,1.4,1.4,2.0,1,2024,1.4464066931619997,1.366463673309291,0.3921319853568342,0.2519105459506507,0.35595746869251504
2023-12-10,Frosinone,Torino,0.0,0.0,1.4,1.8,1.2,1.4,1,2024,1.4475205977891163,1.3023338994360238,0.4058164149957705,0.2546857762897782,0.3394978087144513
2023-12-10,Salernitana,Bologna,1.0,2.0,1.4,2.2,0.6,1.4,1,2024,1.4278993788154852,1.2280183815085577,0.4167500804771161,0.2591333293338751,0.3241165901890088
2023-12-11,Empoli,Lecce,1.0,1.0,1.2,2.0,1.0,1.6,1,2024,1.4198842544377477,1.2765631864472016,0.4042146177105305,0.2576060231395488,0.33817935914992076
2023-12-11,Cagliari,Sassuolo,2.0,1.0,1.4,2.0,1.6,2.0,1,2024,1.429888294557093,1.329277512199409,0.3956598142505904,0.2545897370196524,0.3497504487297572
2023-12-15,Genoa,Juventus,1.0,1.0,1.6,2.2,1.8,2.0,1,2024,1.4344569340951878,1.3267177661594012,0.39735730661935553,0.2544286979853233,0.34821399539532116
2023-12-16,Torino,Empoli,1.0,0.0,1.8,2.2,1.8,2.2,1,2024,1.4480912860225872,1.3315318245215668,0.3998119670172474,0.25338221624593404,0.3468058167368186
2023-12-16,Lecce,Frosinone,2.0,1.0,2.4,1.6,2.0,2.2,1,2024,1.5288715778808315,1.3986038973260193,0.40601929376256773,0.24584715835431678,0.34813354788311546
2023-12-16,Napoli,Cagliari,2.0,1.0,2.8,2.0,1.8,2.2,1,2024,1.5402399407716207,1.3478710662331408,0.4194305581875268,0.24706764027681044,0.3335018015356628
2023-12-17,Udinese,Sassuolo,2.0,2.0,3.0,1.8,1.0,1.8,1,2024,1.5751327454117774,1.296422637531031,0.4390680308489469,0.24647511116146695,0.31445685798958617
2023-12-17,Bologna,Roma,2.0,0.0,2.8,1.6,1.0,1.4,1,2024,1.5740128823563326,1.3035211493953742,0.43725362812285645,0.2463400103567998,0.3164063615203438
2023-12-17,Fiorentina,Hellas Verona,1.0,0.0,2.6,1.2,0.8,1.6,1,2024,1.5783272185245485,1.3278714482948575,0.4330680555398256,0.2453154749826548,0.32161646947751954
2023-12-17,Lazio,Internazionale,0.0,2.0,2.0,1.4,0.4,1.4,1,2024,1.519697821260268,1.2780247738231763,0.4292765974489262,0.25083454973681607,0.3198888528142578
2023-12-17,Milan,Monza,3.0,0.0,2.0,1.0,0.6,1.8,1,2024,1.5372932445015284,1.33576994583925,0.42126682843904534,0.24768017217204827,0.3310529993889064
2023-12-18,Atalanta,Salernitana,4.0,1.0,1.4,1.4,0.8,1.8,1,2024,1.4657867707068941,1.3168690267668304,0.407375812279055,0.2529132903849301,0.3397108973360149
2023-12-22,Salernitana,Milan,2.0,2.0,1.2,1.2,0.6,2.4,1,2024,1.454947498816272,1.3343330094649328,0.40096101020172537,0.2528420337008199,0.3461969560974547
2023-12-22,Monza,Fiorentina,0.0,1.0,1.6,1.6,1.0,2.4,1,2024,1.4642597644329665,1.3291989949405123,0.40439088113956645,0.25249172407817944,0.34311739478225417
2023-12-22,Sassuolo,Genoa,1.0,2.0,1.6,1.8,1.2,3.4,1,2024,1.4428426179219798,1.3519136513797136,0.39423908230857946,0.25278219250878464,0.35297872518263596
2023-12-22,Empoli,Lazio,0.0,2.0,1.2,1.8,0.8,2.8,1,2024,1.4187716842420546,1.3079565740970858,0.3972851811600399,0.25625505556543376,0.3464597632745263
2023-12-23,Torino,Udinese,1.0,1.0,1.2,1.4,0.8,2.6,1,2024,1.4417797388291274,1.3369355362478077,0.3970834148798696,0.25352367113826,0.3493929139818703
2023-12-23,Frosinone,Juventus,1.0,2.0,1.6,1.6,0.8,2.2,1,2024,1.466829634123118,1.3096978271168467,0.409158015466348,0.2531433585777498,0.3376986259559022
2023-12-23,Hellas Verona,Cagliari,2.0,0.0,1.0,1.4,0.6,1.8,1,2024,1.4347539206081976,1.302753377784965,0.4024710763277173,0.25548203472705544,0.3420468889452272
2023-12-23,Roma,Napoli,2.0,0.0,1.6,1.4,0.8,1.0,1,2024,1.490193542963901,1.297103702191058,0.41774459813384734,0.25212794885547957,0.3301274530106731
2023-12-23,Bologna,Atalanta,1.0,0.0,2.0,1.4,1.4,1.4,1,2024,1.5170956450739794,1.3504946513632,0.4131434783264111,0.24839514040580807,0.33846138126778086
2023-12-29,Lazio,Frosinone,3.0,1.0,1.8,1.6,1.2,2.0,1,2024,1.4839380509482247,1.3337339166258062,0.4083914503949128,0.25108920109410277,0.3405193485109844
2023-12-29,Genoa,Internazionale,1.0,1.0,2.2,1.4,1.4,2.8,1,2024,1.5186064611341836,1.3862288805090397,0.40605249064259974,0.2469206760676027,0.34702683328979766
2023-12-29,Napoli,Monza,0.0,0.0,2.4,1.4,1.4,2.6,1,2024,1.5373722961864802,1.380866178490795,0.4117932150543971,0.24603579111287444,0.3421709938327285
2023-12-29,Fiorentina,Torino,1.0,0.0,2.2,1.2,1.2,2.6,1,2024,1.5324758788105488,1.3835303975299391,0.41003294686736247,0.2462215964717,0.3437454566609376
2023-12-30,Hellas Verona,Salernitana,0.0,1.0,2.0,1.2,0.6,2.4,1,2024,1.5196087618771703,1.3336551361377067,0.4173250742144456,0.24886958624794442,0.33380533953760994
2024-01-05,Bologna,Genoa,1.0,1.0,1.4,0.8,1.4,2.2,1,2024,1.4926549361649242,1.4252435256736802,0.3916419804859347,0.24672950824920564,0.3616285112648597
2024-01-06,Frosinone,Monza,2.0,3.0,1.4,1.2,1.4,2.2,1,2024,1.4709086649201921,1.3891327706147543,0.3936140002578988,0.24950357804403192,0.35688242169806933
2024-01-06,Sassuolo,Fiorentina,1.0,0.0,1.2,1.4,1.6,2.2,1,2024,1.4438726042440242,1.3868100744916227,0.3873220129288681,0.2511081332801401,0.36156985379099177
2024-01-06,Lecce,Cagliari,1.0,1.0,1.4,1.8,1.6,1.6,1,2024,1.4444893690855705,1.336386136652163,0.39788478679887324,0.25338508828303746,0.3487301249180893
2024-01-07,Salernitana,Juventus,1.0,2.0,1.6,2.6,1.6,1.6,1,2024,1.4180385461480334,1.2693639187680215,0.40527513550590677,0.25804830593352385,0.33667655856056933
2024-01-07,Roma,Atalanta,1.0,1.0,1.4,2.6,1.4,1.6,1,2024,1.4031877205068881,1.255597962564856,0.4043771701667784,0.25966501868468717,0.33595781114853446
2024-01-07,Empoli,Milan,0.0,3.0,1.2,2.2,1.4,1.6,1,2024,1.4085373705556066,1.2884011222712315,0.39877719184753657,0.25780810938435433,0.34341469876810904
2024-01-07,Torino,Napoli,3.0,0.0,1.4,2.2,1.2,2.0,1,2024,1.4204075268944312,1.2836941417072676,0.4028319161915138,0.2572533776402232,0.33991470616826297
2024-01-07,Udinese,Lazio,1.0,2.0,1.2,1.8,1.4,2.4,1,2024,1.4213182294335218,1.341865931100373,0.39086109714830847,0.25451480267939286,0.35462410017229873
2024-01-13,Hellas Verona,Empoli,2.0,1.0,0.8,1.2,1.0,2.2,1,2024,1.4246889896189645,1.3593391792224885,0.3881107358228059,0.25348728580064245,0.3584019783765517
2024-01-13,Napoli,Salernitana,2.0,1.0,0.6,1.4,1.2,2.0,1,2024,1.4004768316518983,1.3519881577837187,0.38346234844665217,0.25523183484599193,0.36130581670735595
2024-01-13,Monza,Internazionale,1.0,5.0,0.8,1.6,1.4,1.4,1,2024,1.4109103003283572,1.33429310143115,0.3897763394925255,0.25549271274850954,0.3547309477589649
2024-01-13,Genoa,Torino,0.0,0.0,0.8,1.8,1.0,1.0,1,2024,1.4055155006522146,1.2789123644635414,0.4000075073718549,0.25844298825086837,0.34154950437727677
2024-01-14,Cagliari,Bologna,2.0,1.0,0.6,2.0,1.4,1.4,1,2024,1.3753225765935444,1.300651938533188,0.38761471014016535,0.25931201851733326,0.3530732713425013
2024-01-14,Lazio,Lecce,1.0,0.0,0.8,2.0,1.4,1.4,1,2024,1.390354954715956,1.3004867164206868,0.3915403656464376,0.25838551255987374,0.3500741217936886
2024-01-14,Milan,Roma,3.0,1.0,1.0,2.2,1.4,1.4,1,2024,1.395275434379057,1.2837429998874708,0.39633578548323223,0.25888100187524865,0.3447832126415192
2024-01-14,Fiorentina,Udinese,2.0,2.0,0.8,2.2,1.4,1.2,1,2024,1.3821383645744105,1.2791017186130254,0.39390811715305774,0.25995236338834726,0.34613951945859495
2024-01-15,Atalanta,Frosinone,5.0,0.0,0.6,2.0,1.4,1.8,1,2024,1.3714475114053255,1.3104409279941522,0.38457269256941884,0.2590501248889549,0.35637718254162637
2024-01-16,Juventus,Sassuolo,3.0,0.0,0.6,2.0,1.2,1.4,1,2024,1.3757940536262943,1.2863832407220699,0.3907251925196208,0.25999933245628426,0.34927547502409484
2024-01-20,Roma,Hellas Verona,2.0,1.0,0.6,1.8,1.2,1.8,1,2024,1.3820218334839325,1.3128024830015534,0.38681730512393564,0.2582876170096986,0.3548950778663658
2024-01-20,Udinese,Milan,2.0,3.0,0.8,1.2,1.0,1.8,1,2024,1.428714490166232,1.349184919984224,0.3912258961204409,0.2537354384664557,0.35503866541310336
2024-01-21,Lecce,Juventus,0.0,3.0,1.2,0.8,0.8,2.4,1,2024,1.475951822359484,1.3842045398473024,0.3958846782339204,0.24943750744056917,0.35467781432551043
2024-01-21,Frosinone,Cagliari,3.0,1.0,1.4,0.8,1.2,2.0,1,2024,1.49527464120052,1.4043332531790793,0.3965527132641063,0.24749176477723953,0.3559555219586542
2024-01-21,Empoli,Monza,3.0,0.0,1.4,0.6,1.0,2.0,1,2024,1.5068037121423787,1.4068640122199936,0.398882977048538,0.24674917754522505,0.3543678454062369
2024-01-21,Salernitana,Genoa,1.0,2.0,1.4,0.4,1.6,1.8,1,2024,1.5184820492221003,1.4674684069367614,0.38945790295407096,0.24356610314106245,0.36697599390486657
2024-01-26,Cagliari,Torino,1.0,2.0,1.0,0.6,1.6,2.4,1,2024,1.4687318038499202,1.4655173967555752,0.3776663251420871,0.24609519061703813,0.37623848424087486
2024-01-27,Juventus,Empoli,1.0,1.0,0.6,1.2,1.6,2.0,1,2024,1.409824568274262,1.3999966164148998,0.3760790177374362,0.25229242355298837,0.3716285587095754
2024-01-27,Atalanta,Udinese,2.0,0.0,0.4,1.0,1.2,2.2,1,2024,1.4038342579808727,1.3925203729823257,0.37607157181915934,0.25299110244905,0.3709373257317906
2024-01-27,Milan,Bologna,2.0,2.0,0.4,1.0,1.2,2.0,1,2024,1.405816146442915,1.3873095622325708,0.3776252295179829,0.2531520582700869,0.3692227122119303
2024-01-28,Monza,Sassuolo,1.0,0.0,0.4,1.6,0.8,2.4,1,2024,1.372272260792488,1.3156195462505824,0.38371231427495966,0.2587335000213058,0.35755418570373454
2024-01-28,Fiorentina,Internazionale,0.0,1.0,0.4,1.6,1.0,2.0,1,2024,1.3756780574384657,1.3202758529186462,0.3836288233427543,0.2582895856045071,0.3580815910527387
2024-01-28,Lazio,Napoli,0.0,0.0,0.8,1.2,1.6,2.0,1,2024,1.4252340557336014,1.3998187745253012,0.37999637177050477,0.25148844138948556,0.3685151868400097
2024-01-28,Genoa,Lecce,2.0,1.0,0.8,1.2,2.0,2.0,1,2024,1.4242573834149064,1.43104487423139,0.37348742452154016,0.24997332818690457,0.3765392472915553
2024-01-28,Hellas Verona,Frosinone,1.0,1.0,1.0,1.2,2.2,2.2,1,2024,1.4373020654165043,1.4521683852975382,0.37254268299650367,0.24826566858071067,0.3791916484227856
2024-01-29,Salernitana,Roma,1.0,2.0,1.0,0.8,2.2,2.6,1,2024,1.4544419201995025,1.5011312076736198,0.36716173664302615,0.2450058044321858,0.387832458924788
2024-02-02,Lecce,Fiorentina,3.0,2.0,1.0,1.8,1.8,2.4,1,2024,1.404987621250722,1.3719735446691643,0.3805264715181101,0.2539744523504722,0.36549907613141763
2024-02-03,Bologna,Sassuolo,4.0,2.0,0.8,1.6,1.4,2.4,1,2024,1.4009929518567223,1.3595404412645908,0.38204697090113077,0.2548235044080309,0.36312952469083837
2024-02-03,Frosinone,Milan,2.0,3.0,0.8,1.8,1.4,2.6,1,2024,1.3887894289858136,1.3472483138622429,0.38144620724134565,0.25614015507053434,0.3624136376881199
2024-02-03,Empoli,Genoa,0.0,0.0,0.6,2.2,1.2,2.6,1,2024,1.3542237502221581,1.298873276182402,0.3824992791291186,0.2607050096203264,0.3567957112505551
2024-02-03,Udinese,Monza,0.0,0.0,0.6,2.2,1.0,2.2,1,2024,1.3585157050057193,1.275027953270906,0.38860541877775556,0.26167849369686724,0.3497160875253773
2024-02-04,Torino,Salernitana,0.0,0.0,0.8,1.6,1.4,2.2,1,2024,1.4029708290533374,1.3544530414078149,0.3835929558584866,0.254966315756442,0.3614407283850714
2024-02-04,Atalanta,Lazio,3.0,1.0,1.2,1.8,1.2,2.4,1,2024,1.4218054743263286,1.3271450984881534,0.3940444498961525,0.2551780572430145,0.35077749286083304
2024-02-04,Napoli,Hellas Verona,2.0,1.0,1.4,1.6,1.0,2.0,1,2024,1.452520911695003,1.3194374912261435,0.4034740057279414,0.2536361261366228,0.34288986813543576
2024-02-05,Roma,Cagliari,4.0,0.0,1.6,1.2,0.8,2.2,1,2024,1.4885155999850317,1.3437436565988579,0.4074346170414195,0.2504030914143745,0.3421622915442059
2024-02-09,Salernitana,Empoli,1.0,3.0,1.6,1.6,1.0,1.4,1,2024,1.4746249659977784,1.304515110803667,0.41223136015452894,0.2528532062561629,0.3349154335893081
2024-02-10,Cagliari,Lazio,1.0,3.0,1.4,1.0,1.0,2.2,1,2024,1.482757998967681,1.3763693040938576,0.3991985114178483,0.24938786802966292,0.35141362055248887
2024-02-10,Sassuolo,Torino,1.0,1.0,0.8,1.0,0.8,2.0,1,2024,1.437700659963885,1.3566930407027014,0.39195036048069887,0.2528623438535673,0.35518729566573376
2024-02-10,Roma,Internazionale,2.0,4.0,0.6,1.2,1.0,2.2,1,2024,1.4092853953597098,1.359511878326571,0.3841639815030544,0.25435622223000615,0.36147979626693943
2024-02-11,Milan,Napoli,1.0,0.0,0.2,1.0,1.0,2.0,1,2024,1.3910933234766125,1.3722645129826587,0.37693336174310604,0.2547226751040433,0.36834396315285073
2024-02-11,Bologna,Lecce,4.0,0.0,0.2,0.8,1.0,2.2,1,2024,1.399363149407656,1.395207077420369,0.37439915895818876,0.2530882507360561,0.37251259030575506
2024-02-11,Genoa,Atalanta,1.0,4.0,0.4,1.4,0.8,1.2,1,2024,1.3941300439051518,1.3029684777542987,0.3919952825993308,0.25802911563584563,0.34997560176482356
2024-02-11,Fiorentina,Frosinone,5.0,1.0,0.4,1.4,1.0,1.4,1,2024,1.3916875431125473,1.3223694467622178,0.3873215943057308,0.2572247219932042,0.35545368370106506
2024-02-11,Monza,Hellas Verona,0.0,0.0,0.6,1.8,0.8,1.0,1,2024,1.3907958262873583,1.2650428575895956,0.3991394822763332,0.26006029773524986,0.3408002199884169
2024-02-12,Juventus,Udinese,0.0,1.0,0.6,2.0,1.2,0.8,1,2024,1.3816291903241946,1.2719962743859667,0.39527802530342004,0.26033150153591667,0.3443904731606634
2024-02-14,Bologna,Fiorentina,2.0,0.0,0.8,2.0,1.2,0.6,1,2024,1.3987023598072865,1.267075487433855,0.4007603341664095,0.25943986030721533,0.33979980552637523
2024-02-16,Torino,Lecce,2.0,0.0,1.2,2.0,1.4,1.0,1,2024,1.424929257257141,1.2904441715716295,0.40256105394986097,0.256658073801085,0.34078087224905396
2024-02-17,Hellas Verona,Juventus,2.0,2.0,1.4,2.0,1.4,1.0,1,2024,1.4405038400912502,1.2902802461540943,0.4065853897650854,0.2556550153330321,0.3377595949018824
2024-02-17,Napoli,Genoa,1.0,1.0,1.2,1.6,1.4,1.4,1,2024,1.4419215660647928,1.3339541318480101,0.39774147880759797,0.25364905789968234,0.3486094632927197
2024-02-17,Atalanta,Sassuolo,3.0,0.0,1.6,1.4,1.0,1.4,1,2024,1.4854855787632744,1.3213618814326165,0.41139322086513047,0.25148861716570636,0.3371181619691631
2024-02-18,Empoli,Fiorentina,1.0,1.0,1.2,1.2,0.8,1.6,1,2024,1.4626796841700676,1.3290528071830128,0.40402256997359104,0.25259534518188803,0.34338208484452093
2024-02-18,Udinese,Cagliari,1.0,1.0,1.0,0.8,0.8,1.2,1,2024,1.472404748026776,1.353587618582177,0.40133713926679526,0.25096340770169245,0.34769945303151223
2024-02-18,Monza,Milan,4.0,2.0,1.0,1.0,0.8,1.6,1,2024,1.4575215014469602,1.346387494470965,0.399093355649679,0.252160727723896,0.348745916626425
2024-02-18,Frosinone,Roma,0.0,3.0,1.2,1.0,0.8,1.2,1,2024,1.47761560270381,1.3361602299727886,0.40629261175083325,0.2513793825593278,0.3423280056898389
2024-02-18,Lazio,Bologna,1.0,2.0,1.0,1.4,0.8,1.0,1,2024,1.442378789038332,1.297598141941015,0.4055096785680735,0.2552190293083453,0.3392712921235812
2024-02-22,Torino,Lazio,0.0,2.0,1.0,1.2,1.0,1.4,1,2024,1.4484114439360587,1.3389364060235,0.398345740801174,0.2530352234124254,0.3486190357864005
2024-02-23,Bologna,Hellas Verona,2.0,0.0,1.0,1.4,0.8,1.8,1,2024,1.434262238354279,1.3172036548731467,0.399301463126076,0.25486969558544786,0.3458288412884762
2024-02-24,Sassuolo,Empoli,2.0,3.0,0.8,1.4,1.2,1.8,1,2024,1.4177829065896503,1.346757917868556,0.38894961635935127,0.25448886098930096,0.3565615226513477
2024-02-24,Genoa,Udinese,2.0,0.0,0.8,1.2,1.2,2.4,1,2024,1.4221929498832366,1.3795794979543732,0.3833358548843316,0.2526484070833754,0.36401573803229303
2024-02-24,Salernitana,Monza,0.0,2.0,0.8,0.8,1.8,2.8,1,2024,1.4376735661548161,1.4740783423137755,0.3683185341969255,0.2471371869535008,0.3845442788495737
2024-02-25,Milan,Atalanta,1.0,1.0,1.0,1.4,1.6,2.8,1,2024,1.4222295158748373,1.4026738290268521,0.37866450541703955,0.2515054426306501,0.3698300519523104
2024-02-25,Juventus,Frosinone,3.0,2.0,0.8,1.2,1.6,2.4,1,2024,1.4212183615477936,1.4103541151688106,0.37686466891085807,0.2511736047972342,0.37196172629190766
2024-02-25,Lecce,Internazionale,0.0,4.0,1.0,1.2,1.4,2.0,1,2024,1.44130589761804,1.3842863063447453,0.3871924093091558,0.2513685081342396,0.3614390825566045
2024-02-25,Cagliari,Napoli,1.0,1.0,1.2,1.6,1.2,1.8,1,2024,1.4383517688968344,1.329249585063121,0.3978181808835359,0.2540770247899651,0.34810479432649905
2024-02-26,Roma,Torino,3.0,2.0,1.2,1.6,1.0,1.8,1,2024,1.4388448530907476,1.31466715906358,0.4010022217863333,0.2546976070127893,0.34430017120087736
2024-02-26,Fiorentina,Lazio,2.0,1.0,1.0,1.2,1.0,1.4,1,2024,1.4484114439360587,1.3389364060235,0.398345740801174,0.2530352234124254,0.3486190357864005
2024-02-28,Sassuolo,Napoli,1.0,6.0,1.2,1.2,1.2,1.6,1,2024,1.4616773514283683,1.3587003131509388,0.39757982143262227,0.2513749306679321,0.35104524789944563
2024-03-01,Lazio,Milan,0.0,1.0,1.2,1.2,0.8,2.0,1,2024,1.4585584843714858,1.3390555477603663,0.400885270314917,0.2524178970642119,0.34669683262087103
2024-03-02,Torino,Fiorentina,0.0,0.0,1.2,1.0,0.8,2.0,1,2024,1.4693007675009926,1.3563483805422292,0.3999833484626005,0.251029014035332,0.3489876375020675
2024-03-02,Udinese,Salernitana,1.0,1.0,1.4,1.4,0.8,2.0,1,2024,1.4637203369872156,1.3218152590047547,0.4058090484136131,0.25283633620204066,0.3413546153843463
2024-03-02,Monza,Roma,1.0,4.0,2.0,1.2,0.8,2.0,1,2024,1.5233802280594064,1.3383752752698694,0.4172628847872616,0.248459663754927,0.33427745145781146
2024-03-03,Empoli,Cagliari,0.0,1.0,1.6,1.6,0.6,2.2,1,2024,1.467332480869922,1.295329892110281,0.4123419794536083,0.2536954843278049,0.33396253621858685
2024-03-03,Hellas Verona,Sassuolo,1.0,0.0,1.8,1.2,0.8,1.8,1,2024,1.5090370009789833,1.3335364748995184,0.41471571303682697,0.24953659761165,0.33574768935152305
2024-03-03,Napoli,Juventus,2.0,1.0,1.6,1.4,1.0,1.6,1,2024,1.48339137410036,1.3263249890789046,0.4098168616681129,0.25142194958947217,0.338761188742415
2024-03-03,Atalanta,Bologna,1.0,2.0,1.6,1.6,1.0,1.4,1,2024,1.4746249659977784,1.304515110803667,0.41223136015452894,0.2528532062561629,0.3349154335893081
2024-03-03,Frosinone,Lecce,1.0,1.0,1.4,2.2,1.4,1.6,1,2024,1.4239327888480795,1.288237456382715,0.4027733195614535,0.25682102983797006,0.3404056506005765
2024-03-08,Napoli,Torino,1.0,1.0,1.8,1.8,1.2,1.2,1,2024,1.4814250239653834,1.2971309539519595,0.41552547555454833,0.2527023394551542,0.3317721849902976
2024-03-09,Genoa,Monza,2.0,3.0,1.4,2.4,1.2,0.8,1,2024,1.422008694417909,1.2391384439380018,0.4128065965877077,0.25908700360580184,0.3281063998064904
2024-03-09,Sassuolo,Frosinone,1.0,0.0,1.4,3.2,1.0,1.0,1,2024,1.3794024294873737,1.168602065704123,0.41709800683842496,0.26526089900726085,0.31764109415431424
2024-03-09,Cagliari,Salernitana,4.0,2.0,1.0,2.8,0.6,1.2,1,2024,1.3686975482300052,1.1775220637458572,0.41228477006980563,0.26568632681114573,0.3220289031190487
2024-03-09,Bologna,Internazionale,0.0,1.0,1.2,2.6,0.2,1.4,1,2024,1.3928376074966207,1.1709363306666993,0.42013628644988565,0.26412019281861343,0.315743520731501
2024-03-10,Juventus,Atalanta,2.0,2.0,1.0,3.0,0.6,1.8,1,2024,1.3529525313984745,1.1756577943093813,0.408501685700838,0.2669702007589328,0.3245281135402292
2024-03-10,Milan,Empoli,1.0,0.0,1.0,3.4,0.4,2.2,1,2024,1.3299408283577163,1.1418294607411286,0.4097929843426346,0.27037590643911114,0.31983110921825425
2024-03-10,Lecce,Hellas Verona,0.0,1.0,0.8,2.4,0.8,2.2,1,2024,1.3637908688629863,1.2448045151093914,0.3963937079801687,0.26285165272451283,0.3407546392953184
2024-03-10,Fiorentina,Roma,2.0,2.0,1.0,3.0,0.8,1.8,1,2024,1.352488882029389,1.188698313856939,0.4055205714524554,0.2663849071935914,0.32809452135395323
2024-03-11,Lazio,Udinese,1.0,2.0,1.0,3.0,1.2,1.4,1,2024,1.3553809381684878,1.2061372464949056,0.40249350169985937,0.2653324233075896,0.33217407499255097
2024-03-15,Empoli,Bologna,0.0,1.0,0.8,2.6,0.8,1.2,1,2024,1.3634034052621964,1.2061119064444228,0.40462529057035407,0.2647524741884777,0.33062223524116835
2024-03-16,Udinese,Torino,0.0,2.0,1.4,2.0,1.0,1.0,1,2024,1.4414916532786517,1.262125699542239,0.4128653015345115,0.2567760940678624,0.3303586043976261
2024-03-16,Monza,Cagliari,1.0,0.0,1.4,1.8,0.8,0.8,1,2024,1.4546567821833347,1.2596688002771987,0.4167706274956259,0.2559741079693777,0.3272552645349964
2024-03-16,Salernitana,Lecce,0.0,1.0,1.2,1.4,0.8,1.4,1,2024,1.454035676082474,1.3071980730984543,0.40644319833759135,0.25406297987855486,0.3394938217838537
2024-03-16,Frosinone,Lazio,2.0,3.0,0.6,1.6,0.6,1.4,1,2024,1.3975704540590164,1.2768607460193508,0.3983869925510169,0.25905750699523483,0.3425555004537483
2024-03-17,Juventus,Genoa,0.0,0.0,0.8,1.6,0.6,1.6,1,2024,1.4108542041396663,1.2814938958184148,0.4008380929040229,0.2579759465705988,0.3411859605253782
2024-03-17,Roma,Sassuolo,1.0,0.0,0.4,1.2,0.8,2.0,1,2024,1.3964949873624624,1.339736166021343,0.3849639271255278,0.2560744771415138,0.3589615957329583
2024-03-17,Hellas Verona,Milan,1.0,3.0,0.4,2.2,0.6,2.2,1,2024,1.3447490879150656,1.2473646721752316,0.39083243664118084,0.2640081826139816,0.3451593807448376
2024-03-30,Napoli,Atalanta,0.0,3.0,0.4,2.0,1.0,1.6,1,2024,1.3594663945283247,1.277212040945762,0.3883949310485668,0.26150532631548135,0.3500997426359519
2024-03-30,Torino,Monza,1.0,0.0,0.6,1.4,0.8,1.4,1,2024,1.407381093273987,1.3076963606966743,0.39441679578502925,0.25697757053870535,0.34860563367626546
2024-03-30,Fiorentina,Milan,1.0,2.0,0.4,1.6,0.8,1.8,1,2024,1.3780924605581106,1.3009055997968009,0.38827975643809903,0.2591276225647875,0.3525926209971134
2024-03-30,Lazio,Juventus,1.0,0.0,0.4,2.0,0.6,1.6,1,2024,1.3603986369805623,1.2493426489689312,0.3945344946989021,0.26285583368705434,0.3426096716140436
2024-04-05,Salernitana,Sassuolo,2.0,2.0,0.2,0.8,2.0,3.0,1,2024,1.3891060123994732,1.4965973736573879,0.3519287213807172,0.24806088299512372,0.40001039562415913
2024-04-06,Milan,Lecce,3.0,0.0,0.4,1.0,2.4,3.0,1,2024,1.3930667884086594,1.5102838734016601,0.3502961798861937,0.2471221145472673,0.4025817055665389
2024-04-06,Roma,Lazio,1.0,0.0,0.4,1.0,2.0,2.2,1,2024,1.4019109019241287,1.4553398943999851,0.363104878263209,0.24977724316968794,0.3871178785671031
2024-04-07,Frosinone,Bologna,0.0,0.0,2.4,0.8,1.2,2.0,1,2024,1.5787979413694677,1.403441515895261,0.41721410832036093,0.24280991401993368,0.3399759776597055
2024-04-08,Udinese,Internazionale,1.0,2.0,2.0,0.6,1.6,1.6,1,2024,1.5595483567982218,1.4427876159888504,0.404431330098945,0.2424463667350399,0.3531223031660151
2024-04-12,Lazio,Salernitana,4.0,1.0,2.2,0.6,1.4,1.2,1,2024,1.581591052500774,1.4161203333944896,0.41525834584666027,0.24220846827354703,0.3425331858797927
2024-04-13,Bologna,Monza,0.0,0.0,2.0,1.0,1.2,1.0,1,2024,1.5444039869616404,1.3601634905496194,0.417863505504173,0.24637345552179668,0.33576303897403026
2024-04-13,Lecce,Empoli,1.0,0.0,2.2,1.2,1.0,0.8,1,2024,1.5525897681627745,1.3229529042749502,0.42778482866735007,0.2471403163534766,0.32507485497917327
2024-04-13,Torino,Juventus,0.0,0.0,1.6,1.2,1.2,1.0,1,2024,1.5001401100481584,1.3431632398197546,0.41046340036454204,0.2497158421358738,0.3398207574995841
2024-04-14,Sassuolo,Milan,3.0,3.0,1.4,1.0,0.8,1.2,1,2024,1.493766051214904,1.3359904972339243,0.410380226041841,0.2503912617975851,0.3392285121605739
2024-04-14,Napoli,Frosinone,2.0,2.0,1.6,0.8,1.2,1.6,1,2024,1.515889225628437,1.3936658281748904,0.40384220921412095,0.24677984737877343,0.34937794340710565
2024-04-15,Fiorentina,Genoa,1.0,1.0,1.8,0.6,1.2,1.2,1,2024,1.548106456357212,1.4009407998676386,0.41025297015712014,0.24466291277787305,0.3450841170650068
2024-04-15,Atalanta,Hellas Verona,2.0,2.0,1.8,0.4,1.4,1.2,1,2024,1.5589738254158354,1.4347728922278535,0.40593090569132856,0.2427828591631944,0.3512862351454771
2024-04-19,Genoa,Lazio,0.0,1.0,2.0,0.4,1.4,1.6,1,2024,1.571572999728266,1.4453876739131477,0.40681099132047377,0.2417032042361207,0.3514858044434055
2024-04-19,Cagliari,Juventus,2.0,2.0,1.8,0.6,1.4,1.8,1,2024,1.5410399369882342,1.4325013396738782,0.4020321112544565,0.24384105112151994,0.3541268376240235
2024-04-20,Hellas Verona,Udinese,1.0,0.0,1.4,0.8,1.4,1.6,1,2024,1.498985713342192,1.409303539847134,0.3964528835145589,0.24707642364928423,0.35647069283615684
2024-04-20,Empoli,Napoli,1.0,0.0,1.4,0.6,1.4,1.8,1,2024,1.5078969421672144,1.4328653509770886,0.3938472875152005,0.2455941506256399,0.3605585618591596
2024-04-21,Monza,Atalanta,1.0,2.0,1.4,1.0,1.6,2.2,1,2024,1.481234122350832,1.4226797043613337,0.3893399510228387,0.2474471824076446,0.3632128665695166
2024-04-21,Salernitana,Fiorentina,0.0,2.0,1.8,1.2,1.4,1.4,1,2024,1.5117455628718313,1.3681090022294027,0.40812420423709334,0.2480359026557451,0.34383989310716156
2024-04-21,Torino,Frosinone,0.0,0.0,2.0,1.4,1.8,1.2,1,2024,1.5181963421962237,1.375454184491302,0.40819060735334417,0.24736793750947753,0.3444414551371783
2024-04-21,Sassuolo,Lecce,0.0,3.0,2.4,1.4,1.4,1.0,1,2024,1.5548216398919128,1.340065938071876,0.4246840193179549,0.2464260460026489,0.32888993467939615
2024-04-22,Roma,Bologna,1.0,3.0,2.4,1.6,1.4,1.2,1,2024,1.5412781731546543,1.3279498871341011,0.42391841136777625,0.2476994557511357,0.32838213288108814
2024-04-22,Milan,Internazionale,1.0,2.0,2.2,1.6,1.2,0.8,1,2024,1.5294460027378793,1.303736376132869,0.4261625543602818,0.24930116659925647,0.3245362790404618
2024-04-25,Udinese,Roma,1.0,2.0,2.0,1.4,1.2,1.0,1,2024,1.5219037913717584,1.3257016391098,0.41958561609494927,0.24901519133414066,0.3313991925709101
2024-04-26,Frosinone,Salernitana,3.0,0.0,1.8,1.2,0.6,2.2,1,2024,1.5053010446418151,1.3288334010938028,0.4147785588761078,0.24994959941875597,0.3352718417051362
2024-04-27,Lazio,Hellas Verona,1.0,0.0,1.6,1.0,0.6,2.8,1,2024,1.4936575269911845,1.3613910840235623,0.40502717102072017,0.24937653061337337,0.34559629836590644
2024-04-27,Lecce,Monza,1.0,1.0,1.8,0.8,0.6,2.4,1,2024,1.525402266885946,1.3684975807165332,0.4114247034914835,0.24721024098075264,0.3413650555277638
2024-04-27,Juventus,Milan,0.0,0.0,2.6,0.2,0.6,2.6,1,2024,1.6263601939855221,1.4268210373379568,0.4238160596432003,0.23930806456944334,0.3368758757873562
2024-04-28,Napoli,Roma,2.0,2.0,2.2,0.2,0.6,2.8,1,2024,1.589138729354525,1.4325441850665404,0.4136886390048378,0.24120971147830242,0.3451016495168598
2024-04-28,Fiorentina,Sassuolo,5.0,1.0,2.2,0.2,0.8,1.8,1,2024,1.5998394799841518,1.4215359759792776,0.4185444475883674,0.24098795264096573,0.3404675997706668
2024-04-28,Atalanta,Empoli,2.0,0.0,1.8,0.2,1.4,1.0,1,2024,1.5726727867821408,1.4478635830850872,0.40657083604642696,0.24155189091254284,0.3518772730410303
2024-04-28,Bologna,Udinese,1.0,1.0,1.4,0.4,1.6,1.0,1,2024,1.527075203378817,1.4456263244894088,0.39595479725989563,0.24405098315346585,0.3599942195866385
2024-04-29,Genoa,Cagliari,3.0,0.0,0.6,0.4,1.6,1.0,1,2024,1.4620962338462409,1.4463611107920695,0.37984137020415715,0.2473343007309486,0.3728243290648943
2024-05-03,Torino,Bologna,0.0,0.0,1.2,0.6,1.6,0.8,1,2024,1.5016376256432515,1.4220353154005605,0.39450882784189034,0.24638982422386838,0.3591013479342412
2024-05-04,Sassuolo,Internazionale,1.0,0.0,1.2,0.8,1.4,0.6,1,2024,1.4932751246914366,1.3833077965135592,0.4003824702920525,0.24849244442273388,0.3511250852852136
2024-05-04,Monza,Lazio,2.0,2.0,1.6,1.0,0.6,0.8,1,2024,1.5148789781557088,1.3112971634831354,0.42090511537967623,0.2499886175294927,0.3291062670908311
2024-05-05,Cagliari,Lecce,1.0,1.0,2.0,1.0,1.0,1.2,1,2024,1.5427554142019846,1.3502947284310591,0.419539253367739,0.24682593585397358,0.33363481077828744
2024-05-05,Milan,Genoa,3.0,3.0,2.2,1.2,0.8,1.2,1,2024,1.5487459872749452,1.3182871562677498,0.42783357911097997,0.24754436418335302,0.32462205670566696
2024-05-05,Hellas Verona,Fiorentina,2.0,1.0,1.8,1.6,1.2,1.0,1,2024,1.4944425511614972,1.3089658167455878,0.416279637039021,0.25139923449918394,0.3323211284617951
2024-05-05,Roma,Juventus,1.0,1.0,2.0,1.8,1.2,1.0,1,2024,1.4997313978374638,1.2921129321212994,0.4212179105751086,0.25168378612369824,0.3270983033011931
2024-05-05,Empoli,Frosinone,0.0,0.0,1.8,2.2,1.6,1.0,1,2024,1.4609015178618923,1.2876320068999354,0.4123525092446823,0.25442892533289846,0.33321856542241923
2024-05-06,Udinese,Napoli,1.0,1.0,1.6,2.2,1.0,0.8,1,2024,1.448635360254851,1.241213812521413,0.4192283712660133,0.25712606835345875,0.323645560380528
2024-05-06,Salernitana,Atalanta,1.0,2.0,2.0,2.6,1.4,1.0,1,2024,1.4558519002631714,1.241082215066018,0.42111075454519015,0.25662055552087343,0.3222686899339365
2024-05-10,Frosinone,Internazionale,0.0,5.0,1.8,2.4,1.0,1.2,1,2024,1.4496660209558814,1.2344546042197626,0.4209666484841335,0.2573182841230719,0.32171506739279454
2024-05-11,Milan,Cagliari,5.0,1.0,2.0,2.2,1.4,1.2,1,2024,1.4752927972889842,1.2781271206685072,0.4180492142128509,0.2538459634334698,0.3281048223536793
2024-05-11,Napoli,Bologna,0.0,2.0,2.2,2.0,1.2,1.0,1,2024,1.5050389617930877,1.275477027739372,0.4261439091850393,0.2519253996595922,0.32193069115536843
2024-05-12,Hellas Verona,Torino,1.0,2.0,2.2,2.0,2.0,0.8,1,2024,1.5050988028095018,1.3280283306068141,0.4148986118274769,0.24999296543940372,0.3351084227331194
2024-05-12,Atalanta,Roma,2.0,1.0,1.4,1.4,2.0,0.6,1,2024,1.4752098619848644,1.3756812882224834,0.39745654166545513,0.2498503714544293,0.3526930868801156
2024-05-12,Lazio,Empoli,2.0,0.0,1.4,1.2,2.0,0.6,1,2024,1.486074782509262,1.393447113186323,0.3965044900017651,0.2484685016570416,0.3550270083411934
2024-05-12,Genoa,Sassuolo,2.0,1.0,1.0,1.2,1.6,0.8,1,2024,1.4530596807130187,1.3685087351610985,0.3933848389335569,0.2514364838111923,0.3551786772552508
2024-05-12,Juventus,Salernitana,1.0,1.0,0.8,1.0,1.6,1.2,1,2024,1.4438557663762692,1.3967920739496253,0.3852848903135444,0.2506377452086342,0.36407736447782135
2024-05-13,Lecce,Udinese,0.0,2.0,1.0,0.8,1.0,1.4,1,2024,1.4698251107972273,1.3737422975985696,0.39651048057004795,0.2502432616284871,0.35324625780146496
2024-05-13,Fiorentina,Monza,2.0,1.0,2.2,0.8,0.8,1.6,1,2024,1.5672148129702255,1.3627358996273446,0.42292401445051075,0.2448907998033637,0.3321851857461255
2024-05-17,Fiorentina,Napoli,2.0,2.0,2.6,0.6,0.6,1.4,1,2024,1.6162895511335007,1.359737627531282,0.4355056744687898,0.24194043840677434,0.32255388712443583
2024-05-18,Lecce,Atalanta,0.0,2.0,2.6,0.8,0.8,1.2,1,2024,1.6061871336045122,1.3522126576621412,0.43466097693940897,0.24279697220825164,0.3225420508523394
2024-05-18,Torino,Milan,3.0,1.0,2.6,0.6,0.6,1.0,1,2024,1.6208564246897925,1.3495803918854494,0.4387785941659452,0.24194079877116426,0.3192806070628905
2024-05-19,Roma,Genoa,1.0,0.0,2.4,0.6,0.6,0.8,1,2024,1.605595420683128,1.3447010802149937,0.436121633547089,0.24305494414303283,0.3208234223098782
2024-05-19,Udinese,Empoli,1.0,1.0,1.4,0.6,0.4,0.4,1,2024,1.5254738761309699,1.3208531573245108,0.42150749724281283,0.248961089661927,0.32953141309526013
2024-05-19,Sassuolo,Cagliari,0.0,2.0,1.8,0.6,0.6,0.6,1,2024,1.5562718484080509,1.3401798744323288,0.42501708041894826,0.24633066012618957,0.32865225945486215
2024-05-19,Monza,Frosinone,0.0,1.0,2.2,0.0,0.8,0.6,1,2024,1.6253219919955626,1.4078664093836015,0.427520476265883,0.23995703096277926,0.3325224927713378
2024-05-20,Bologna,Juventus,3.0,3.0,2.4,0.2,1.6,1.2,1,2024,1.6219601334944025,1.4688621025442052,0.41410312959278145,0.2381755368122186,0.34772133359499996
2024-05-20,Salernitana,Hellas Verona,1.0,2.0,2.2,0.4,2.0,1.4,1,2024,1.589358243304885,1.4882406212599946,0.40238917604530927,0.23917196760305065,0.3584388563516401
2024-05-23,Cagliari,Fiorentina,2.0,3.0,2.6,0.4,2.0,1.6,1,2024,1.622001835698469,1.4934510354373607,0.40911420552794214,0.2373261575039211,0.3535596369681368
2024-05-24,Genoa,Bologna,2.0,0.0,2.2,0.4,2.0,1.4,1,2024,1.589358243304885,1.4882406212599946,0.40238917604530927,0.23917196760305065,0.3584388563516401
2024-05-25,Milan,Salernitana,3.0,3.0,1.8,0.6,1.6,1.8,1,2024,1.540511831102818,1.4483907947622041,0.39866788157342253,0.24323506624432603,0.35809705218225146
2024-05-25,Juventus,Monza,2.0,0.0,2.4,0.6,1.2,1.2,1,2024,1.5994260749094629,1.400406982196048,0.4228445695093931,0.24171137983471377,0.33544405065589317
2024-05-26,Atalanta,Torino,3.0,0.0,2.4,0.4,0.6,1.0,1,2024,1.61514042706095,1.367182818167421,0.43364458117767885,0.24179458655009262,0.32456083227222865
2024-05-26,Hellas Verona,Internazionale,2.0,2.0,2.6,0.8,1.0,1.0,1,2024,1.6079034888549908,1.3620954371555334,0.4329732535185973,0.24239577372831264,0.3246309727530901
2024-05-26,Lazio,Sassuolo,1.0,1.0,3.0,0.8,1.0,1.6,1,2024,1.6363045527558786,1.377151527364375,0.4366293731167671,0.24019834313534452,0.32317228374788837
2024-05-26,Frosinone,Udinese,0.0,1.0,3.0,0.6,1.2,1.0,1,2024,1.6547798070702768,1.3946350422772698,0.437351279038328,0.2385847001289859,0.32406402083268604
2024-05-26,Napoli,Lecce,0.0,0.0,2.4,0.6,0.8,1.0,1,2024,1.6027824348323707,1.3647234402548396,0.43117331098446365,0.24263487526910021,0.32619181374643613
2024-05-26,Empoli,Roma,2.0,1.0,2.6,0.8,1.0,1.6,1,2024,1.6011127111845376,1.3775014737890732,0.42806461299708487,0.24234264790529247,0.32959273909762266
2024-06-02,Atalanta,Fiorentina,2.0,3.0,1.8,0.6,0.8,1.6,1,2024,1.5448031704285075,1.380685300495848,0.41365761137331175,0.24560546965700883,0.34073691896967945
